{
    "dtype": "compas_fab.robots/JointTrajectoryPoint", 
    "value": {
        "accelerations": [
            -3.8145817642510774e-05, 
            -2.3037095104080887, 
            -0.55723998666471308, 
            2.8609494858019122, 
            2.8208707635758622e-08, 
            -3.8145808909662799e-05
        ], 
        "effort": [
            0.0, 
            0.0, 
            0.0, 
            0.0, 
            0.0, 
            0.0
        ], 
        "joint_names": [], 
        "time_from_start": {
            "nsecs": 859307482, 
            "secs": 1
        }, 
        "types": [
            0, 
            0, 
            0, 
            0, 
            0, 
            0
        ], 
        "values": [
            0.3801230437636085, 
            -1.1797449174446553, 
            2.1200924659905964, 
            -2.5118833748767972, 
            -1.5710917969863027, 
            1.9509192613040627
        ], 
        "velocities": [
            0.0, 
            0.0, 
            0.0, 
            0.0, 
            0.0, 
            0.0
        ]
    }
}