{"compas": "1.1.0", "datatype": "assembly/Assembly", "data": {"attributes": {"name": "Network", "element": {"dtype": "compas.geometry/Box", "value": {"frame": {"point": [0.0, 0.0, 0.0], "xaxis": [1.0, 0.0, 0.0], "yaxis": [0.0, 1.0, 0.0]}, "xsize": 0.031, "ysize": 0.016, "zsize": 0.012}}, "place_tolerance": 0.008, "approach_offset": 0.05, "pick_t0cf_frame": {"dtype": "compas.geometry/Frame", "value": {"point": [-0.064, 0.669, 0.152], "xaxis": [0.000999999500000375, 0.0, -0.999999500000375], "yaxis": [0.999999500000375, 0.0, 0.000999999500000375]}}}, "node_attributes": {"x": 0.0, "y": 0.0, "z": 0.0}, "edge_attributes": {}, "node": {"0": {"x": 0.09999999999999998, "y": 0.0, "z": 0.006, "element": {"dtype": "assembly/Element", "value": {"frame": {"dtype": "compas.geometry/Frame", "value": {"point": [0.09999999999999998, 0.0, 0.006], "xaxis": [0.9968152785361251, -0.07974522228289002, 0.0], "yaxis": [0.07974522228289002, 0.9968152785361251, 0.0]}}, "approach_frame": {"dtype": "compas.geometry/Frame", "value": {"point": [0.09999999999999998, 0.0, 0.056], "xaxis": [0.9968152785361251, -0.07974522228289004, 0.0], "yaxis": [0.07974522228289004, 0.9968152785361251, 0.0]}}, "geometry_at_origin": {"dtype": "compas.datastructures/Mesh", "value": {"compas": "1.1.0", "datatype": "compas.datastructures/Mesh", "data": {"attributes": {"name": "Box"}, "dva": {"x": 0.0, "y": 0.0, "z": 0.0}, "dea": {}, "dfa": {}, "vertex": {"0": {"x": -0.0155, "y": -0.008, "z": -0.006}, "1": {"x": -0.0155, "y": 0.008, "z": -0.006}, "2": {"x": 0.0155, "y": 0.008, "z": -0.006}, "3": {"x": 0.0155, "y": -0.008, "z": -0.006}, "4": {"x": -0.0155, "y": -0.008, "z": 0.006}, "5": {"x": 0.0155, "y": -0.008, "z": 0.006}, "6": {"x": 0.0155, "y": 0.008, "z": 0.006}, "7": {"x": -0.0155, "y": 0.008, "z": 0.006}}, "face": {"0": [0, 1, 2, 3], "1": [0, 3, 5, 4], "2": [3, 2, 6, 5], "3": [2, 1, 7, 6], "4": [1, 0, 4, 7], "5": [4, 5, 6, 7]}, "facedata": {"0": {}, "1": {}, "2": {}, "3": {}, "4": {}, "5": {}}, "edgedata": {}, "max_vertex": 7, "max_face": 5}}}, "trajectory": null}}}, "1": {"x": 0.16420999999999997, "y": 0.0004519999999999999, "z": 0.006, "element": {"dtype": "assembly/Element", "value": {"frame": {"dtype": "compas.geometry/Frame", "value": {"point": [0.16420999999999997, 0.0004519999999999999, 0.006], "xaxis": [0.9967045175622763, 0.08111784434358461, 0.0], "yaxis": [-0.08111784434358461, 0.9967045175622763, 0.0]}}, "approach_frame": {"dtype": "compas.geometry/Frame", "value": {"point": [0.16420999999999997, 0.0004519999999999999, 0.056], "xaxis": [0.9967045175622763, 0.08111784434358461, 0.0], "yaxis": [-0.08111784434358461, 0.9967045175622763, 0.0]}}, "geometry_at_origin": {"dtype": "compas.datastructures/Mesh", "value": {"compas": "1.1.0", "datatype": "compas.datastructures/Mesh", "data": {"attributes": {"name": "Box"}, "dva": {"x": 0.0, "y": 0.0, "z": 0.0}, "dea": {}, "dfa": {}, "vertex": {"0": {"x": -0.0155, "y": -0.008, "z": -0.006}, "1": {"x": -0.0155, "y": 0.008, "z": -0.006}, "2": {"x": 0.0155, "y": 0.008, "z": -0.006}, "3": {"x": 0.0155, "y": -0.008, "z": -0.006}, "4": {"x": -0.0155, "y": -0.008, "z": 0.006}, "5": {"x": 0.0155, "y": -0.008, "z": 0.006}, "6": {"x": 0.0155, "y": 0.008, "z": 0.006}, "7": {"x": -0.0155, "y": 0.008, "z": 0.006}}, "face": {"0": [0, 1, 2, 3], "1": [0, 3, 5, 4], "2": [3, 2, 6, 5], "3": [2, 1, 7, 6], "4": [1, 0, 4, 7], "5": [4, 5, 6, 7]}, "facedata": {"0": {}, "1": {}, "2": {}, "3": {}, "4": {}, "5": {}}, "edgedata": {}, "max_vertex": 7, "max_face": 5}}}, "trajectory": null}}}, "2": {"x": 0.23328000000000004, "y": 0.010576000000000002, "z": 0.006, "element": {"dtype": "assembly/Element", "value": {"frame": {"dtype": "compas.geometry/Frame", "value": {"point": [0.23328000000000004, 0.010576000000000002, 0.006], "xaxis": [0.9789271199486864, 0.20420992588258313, 0.0], "yaxis": [-0.20420992588258313, 0.9789271199486864, 0.0]}}, "approach_frame": {"dtype": "compas.geometry/Frame", "value": {"point": [0.23328000000000004, 0.010576000000000002, 0.056], "xaxis": [0.9789271199486864, 0.20420992588258313, 0.0], "yaxis": [-0.20420992588258313, 0.9789271199486864, 0.0]}}, "geometry_at_origin": {"dtype": "compas.datastructures/Mesh", "value": {"compas": "1.1.0", "datatype": "compas.datastructures/Mesh", "data": {"attributes": {"name": "Box"}, "dva": {"x": 0.0, "y": 0.0, "z": 0.0}, "dea": {}, "dfa": {}, "vertex": {"0": {"x": -0.0155, "y": -0.008, "z": -0.006}, "1": {"x": -0.0155, "y": 0.008, "z": -0.006}, "2": {"x": 0.0155, "y": 0.008, "z": -0.006}, "3": {"x": 0.0155, "y": -0.008, "z": -0.006}, "4": {"x": -0.0155, "y": -0.008, "z": 0.006}, "5": {"x": 0.0155, "y": -0.008, "z": 0.006}, "6": {"x": 0.0155, "y": 0.008, "z": 0.006}, "7": {"x": -0.0155, "y": 0.008, "z": 0.006}}, "face": {"0": [0, 1, 2, 3], "1": [0, 3, 5, 4], "2": [3, 2, 6, 5], "3": [2, 1, 7, 6], "4": [1, 0, 4, 7], "5": [4, 5, 6, 7]}, "facedata": {"0": {}, "1": {}, "2": {}, "3": {}, "4": {}, "5": {}}, "edgedata": {}, "max_vertex": 7, "max_face": 5}}}, "trajectory": null}}}, "3": {"x": 0.30186999999999997, "y": 0.029123999999999997, "z": 0.006, "element": {"dtype": "assembly/Element", "value": {"frame": {"dtype": "compas.geometry/Frame", "value": {"point": [0.30186999999999997, 0.029123999999999997, 0.006], "xaxis": [0.9480233105719404, 0.31820088405316865, 0.0], "yaxis": [-0.31820088405316865, 0.9480233105719404, 0.0]}}, "approach_frame": {"dtype": "compas.geometry/Frame", "value": {"point": [0.30186999999999997, 0.029123999999999997, 0.056], "xaxis": [0.9480233105719404, 0.31820088405316865, 0.0], "yaxis": [-0.31820088405316865, 0.9480233105719404, 0.0]}}, "geometry_at_origin": {"dtype": "compas.datastructures/Mesh", "value": {"compas": "1.1.0", "datatype": "compas.datastructures/Mesh", "data": {"attributes": {"name": "Box"}, "dva": {"x": 0.0, "y": 0.0, "z": 0.0}, "dea": {}, "dfa": {}, "vertex": {"0": {"x": -0.0155, "y": -0.008, "z": -0.006}, "1": {"x": -0.0155, "y": 0.008, "z": -0.006}, "2": {"x": 0.0155, "y": 0.008, "z": -0.006}, "3": {"x": 0.0155, "y": -0.008, "z": -0.006}, "4": {"x": -0.0155, "y": -0.008, "z": 0.006}, "5": {"x": 0.0155, "y": -0.008, "z": 0.006}, "6": {"x": 0.0155, "y": 0.008, "z": 0.006}, "7": {"x": -0.0155, "y": 0.008, "z": 0.006}}, "face": {"0": [0, 1, 2, 3], "1": [0, 3, 5, 4], "2": [3, 2, 6, 5], "3": [2, 1, 7, 6], "4": [1, 0, 4, 7], "5": [4, 5, 6, 7]}, "facedata": {"0": {}, "1": {}, "2": {}, "3": {}, "4": {}, "5": {}}, "edgedata": {}, "max_vertex": 7, "max_face": 5}}}, "trajectory": null}}}, "4": {"x": 0.36464, "y": 0.05484800000000001, "z": 0.006, "element": {"dtype": "assembly/Element", "value": {"frame": {"dtype": "compas.geometry/Frame", "value": {"point": [0.36464, 0.05484800000000001, 0.006], "xaxis": [0.8953133421598116, 0.44543688593405495, 0.0], "yaxis": [-0.44543688593405495, 0.8953133421598116, 0.0]}}, "approach_frame": {"dtype": "compas.geometry/Frame", "value": {"point": [0.36464, 0.05484800000000001, 0.056], "xaxis": [0.8953133421598116, 0.44543688593405495, 0.0], "yaxis": [-0.44543688593405495, 0.8953133421598116, 0.0]}}, "geometry_at_origin": {"dtype": "compas.datastructures/Mesh", "value": {"compas": "1.1.0", "datatype": "compas.datastructures/Mesh", "data": {"attributes": {"name": "Box"}, "dva": {"x": 0.0, "y": 0.0, "z": 0.0}, "dea": {}, "dfa": {}, "vertex": {"0": {"x": -0.0155, "y": -0.008, "z": -0.006}, "1": {"x": -0.0155, "y": 0.008, "z": -0.006}, "2": {"x": 0.0155, "y": 0.008, "z": -0.006}, "3": {"x": 0.0155, "y": -0.008, "z": -0.006}, "4": {"x": -0.0155, "y": -0.008, "z": 0.006}, "5": {"x": 0.0155, "y": -0.008, "z": 0.006}, "6": {"x": 0.0155, "y": 0.008, "z": 0.006}, "7": {"x": -0.0155, "y": 0.008, "z": 0.006}}, "face": {"0": [0, 1, 2, 3], "1": [0, 3, 5, 4], "2": [3, 2, 6, 5], "3": [2, 1, 7, 6], "4": [1, 0, 4, 7], "5": [4, 5, 6, 7]}, "facedata": {"0": {}, "1": {}, "2": {}, "3": {}, "4": {}, "5": {}}, "edgedata": {}, "max_vertex": 7, "max_face": 5}}}, "trajectory": null}}}, "5": {"x": 0.41625, "y": 0.0865, "z": 0.006, "element": {"dtype": "assembly/Element",