{"dtype": "compas_fab.robots/JointTrajectoryPoint", "value": {"values": [-5.895028731930589, -1.406207227460138, 2.3240983758051037, -2.4894245609010315, 4.7120875833322104, -4.3242325083620488], "effort": [0.0, 0.0, 0.0, 0.0, 0.0, 0.0], "types": [0, 0, 0, 0, 0, 0], "time_from_start": {"nsecs": 498170296, "secs": 0}, "joint_names": [], "velocities": [0.0, 0.0, 0.0, 0.0, 0.0, 0.0], "accelerations": [-1.0423773529265457e-08, -2.1986683622469934, -0.79811219501655828, 2.9967805572604886, 7.7032329554818489e-12, -1.0423773529265457e-08]}}